timestamp,teamid,judgeid,innovation,execution,impact,scalability,presentation
2026-04-30T09:00:00Z,TEAM-001,JUDGE-01,8,7,9,8,7
2026-04-30T09:05:00Z,TEAM-002,JUDGE-01,7,8,8,7,8
2026-04-30T09:10:00Z,TEAM-003,JUDGE-01,9,9,8,9,9
2026-04-30T09:15:00Z,TEAM-001,JUDGE-02,7,8,8,7,8
2026-04-30T09:20:00Z,TEAM-002,JUDGE-02,8,7,7,8,7
2026-04-30T09:25:00Z,TEAM-003,JUDGE-02,9,8,9,9,8
2026-04-30T09:30:00Z,TEAM-001,JUDGE-03,8,8,9,8,8
2026-04-30T09:35:00Z,TEAM-002,JUDGE-03,7,7,8,7,7
2026-04-30T09:40:00Z,TEAM-003,JUDGE-03,9,9,9,9,9
